alpha,beta
7.14020790140466,20.9229190976266
7.1401887751465,20.9230609814211
7.14017596350371,20.9232236367096
7.14017380502572,20.9231489260655
7.14017160996298,20.9231682860661
7.14019068108159,20.9230753439339
7.14019617168985,20.9230601093341
7.14017475409588,20.9231435526053
7.14017934407942,20.9232243321948
7.14016880794573,20.9231925585672
